ex_client;nom;ex_adr1_tiers_facture;adresse;ex_adr2_tiers_facture;cp;ville;ex_ville;departement;localisation;concat_localisation;latitude;longitude;adresse_concat;result_label;result_score;result_type;result_id;result_housenumber;result_name;result_street;result_postcode;result_city;result_dept;result_citycode
LEDERNE;AU GOUT DU TEMPS;AU GOUT DU TEMPS;104, Rue Bobillot;104 RUE BOBILLOT;75013;Paris;PARIS;75, Paris, Île-de-France;48.822684, 2.347014;48.822684, 2.347014;48.822684;2.347014;104, Rue Bobillot;104 Rue Bobillot 75013 Paris;0.95;housenumber;ADRNIVX_0000000270825239;104;Rue Bobillot;;75013.0;Paris;75, Paris, Île-de-France;75113.0
MOULINFRED;LES DOUCEURS DE MARIE;LES DOUCEURS DE MARIE;12, Rue René Brulay;12 RUE RENE BRULAY;78500;Sartrouville;SARTROUVILLE;78, Yvelines, Île-de-France;48.93575, 2.16361;48.93575, 2.16361;48.93575;2.16361;12, Rue René Brulay;12 Rue René Brulay 78500 Sartrouville;0.93;housenumber;ADRNIVX_0000000311545490;12;Rue René Brulay;;78500.0;Sartrouville;78, Yvelines, Île-de-France;78586.0
OZENNE;AU FOURNIL DE GWEN;AU FOURNIL DE GWEN;17, Rue des Ormessons;17 RUE DES ORMESSONS;77000;Vaux-le-Pénil;VAUX LE PENIL;77, Seine-et-Marne, Île-de-France;48.526047, 2.681711;48.526047, 2.681711;48.526047;2.681711;17, Rue des Ormessons;17 Rue des Ormessons 77000 Vaux-le-Pénil;0.91;housenumber;ADRNIVX_0000000272031320;17;Rue des Ormessons;;77000.0;Vaux-le-Pénil;77, Seine-et-Marne, Île-de-France;77487.0
JACQUESSEB;JACQUES SEBASTIEN;JACQUES SEBASTIEN;209, Avenue Charles de Gaulle;209 AVENUE CHARLES DE GAULLE;92200;Neuilly-sur-Seine;NEUILLY SUR SEINE;92, Hauts-de-Seine, Île-de-France;48.884836, 2.259067;48.884836, 2.259067;48.884836;2.259067;209, Avenue Charles de Gaulle;209 Avenue Charles de Gaulle 92200 Neuilly-sur-Seine;0.93;housenumber;ADRNIVX_0000000310496116;209;Avenue Charles de Gaulle;;92200.0;Neuilly-sur-Seine;92, Hauts-de-Seine, Île-de-France;92051.0
SAVASNIER2;LES SAVEURS D ASNIERES;LES SAVEURS D ASNIERES;24, Boulevard Voltaire;24 BOULEVARD VOLTAIRE;92600;Asnières-sur-Seine;ASNIERES SUR SEINE;92, Hauts-de-Seine, Île-de-France;48.912362, 2.296415;48.912362, 2.296415;48.912362;2.296415;24, Boulevard Voltaire;24 Boulevard Voltaire 92600 Asnières-sur-Seine;0.93;housenumber;ADRNIVX_0000000287097749;24;Boulevard Voltaire;;92600.0;Asnières-sur-Seine;92, Hauts-de-Seine, Île-de-France;92004.0
LAMBERTBRU;MAISON LAMBERT;MAISON LAMBERT;13, Rue de la Gare;13 RUE DE LA GARE;91800;Brunoy;BRUNOY;91, Essonne, Île-de-France;48.69826, 2.505134;48.69826, 2.505134;48.69826;2.505134;13, Rue de la Gare;13 Rue de la Gare 91800 Brunoy;0.92;housenumber;ADRNIVX_0000000271340854;13;Rue de la Gare;;91800.0;Brunoy;91, Essonne, Île-de-France;91114.0
BIDEL;LA COMTESSE DE TREVISE;;7 Ter, Avenue Ardouin;7 TER AVENUE ARDOUIN;94420;Le Plessis-Trévise;LE PLESSIS TREVISE;94, Val-de-Marne, Île-de-France;48.810028, 2.572834;48.810028, 2.572834;48.810028;2.572834;7 TER, Avenue Ardouin;7 TER Avenue Ardouin 94420 Le Plessis-Trévise;0.92;housenumber;ADRNIVX_0000002006466515;7 TER;Avenue Ardouin;;94420.0;Le Plessis-Trévise;94, Val-de-Marne, Île-de-France;94059.0
BYGDADE;BYGDADE;BYGDADE;18, Rue de Cherbourg;18 AVENUE DE CHERBOURG;94360;Bry-sur-Marne;BRY SUR MARNE;94, Val-de-Marne, Île-de-France;48.843167, 2.524094;48.843167, 2.524094;48.843167;2.524094;18, Rue de Cherbourg;18 Rue de Cherbourg 94360 Bry-sur-Marne;0.78;housenumber;ADRNIVX_0000000270870010;18;Rue de Cherbourg;;94360.0;Bry-sur-Marne;94, Val-de-Marne, Île-de-France;94015.0
MUMS;BOULANGERIE MUM S;BOULANGERIE MUM S;1, Rue du Général de Gaulle;1 RUE DU GENERAL DE GAULLE;95220;Herblay-sur-Seine;HERBLAY;95, Val-d'Oise, Île-de-France;48.990747, 2.167401;48.990747, 2.167401;48.990747;2.167401;1, Rue du Général de Gaulle;1 Rue du Général de Gaulle 95220 Herblay-sur-Seine;0.74;housenumber;ADRNIVX_0000000350527447;1;Rue du Général de Gaulle;;95220.0;Herblay-sur-Seine;95, Val-d'Oise, Île-de-France;95306.0
BARBA2;LA PETITE MARGOT;LA PETITE MARGOT;28, Avenue Gabriel Péri;28 AVENUE GABRIEL PERI;93160;Noisy-le-Grand;NOISY LE GRAND;93, Seine-Saint-Denis, Île-de-France;48.832065, 2.566657;48.832065, 2.566657;48.832065;2.566657;28, Avenue Gabriel Péri;28 Avenue Gabriel Péri 93160 Noisy-le-Grand;0.93;housenumber;ADRNIVX_0000000268350272;28;Avenue Gabriel Péri;;93160.0;Noisy-le-Grand;93, Seine-Saint-Denis, Île-de-France;93051.0
OUBOUYA;BOULANGERIE DE LA PLACE;BOULANGERIE DE LA PLACE;32, Place Notre-Dame;32 PLACE NOTRE DAME;95300;Pontoise;PONTOISE;95, Val-d'Oise, Île-de-France;49.049796, 2.091745;49.049796, 2.091745;49.049796;2.091745;32, Place Notre-Dame;32 Place Notre-Dame 95300 Pontoise;0.94;housenumber;ADRNIVX_0000000350572757;32;Place Notre-Dame;;95300.0;Pontoise;95, Val-d'Oise, Île-de-France;95500.0
PERAIN;LES DELICES DU PARADIS;LES DELICES DU PARADIS;8, Rue de la Ferme du Paradis;8 RUE DE LA FERME DU PARADIS;78250;Meulan-en-Yvelines;MEULAN;78, Yvelines, Île-de-France;49.012534, 1.918513;49.012534, 1.918513;49.012534;1.918513;8, Rue de la Ferme du Paradis;8 Rue de la Ferme du Paradis 78250 Meulan-en-Yvelines;0.77;housenumber;ADRNIVX_0000000269303721;8;Rue de la Ferme du Paradis;;78250.0;Meulan-en-Yvelines;78, Yvelines, Île-de-France;78401.0
BOULPARCLI;BOUJDI - BOULANGERIE DU PARC;BOULANGERIE DU PARC;5, Place de la République François Mitterrand;5 PLACE FRANCOIS MITTERRAND;92110;Clichy;CLICHY;92, Hauts-de-Seine, Île-de-France;48.902873, 2.312773;48.902873, 2.312773;48.902873;2.312773;5, Place de la République François Mitterrand;5 Place de la République François Mitterrand 92110 Clichy;0.65;housenumber;ADRNIVX_0000000287106098;5;Place de la République François Mitterrand;;92110.0;Clichy;92, Hauts-de-Seine, Île-de-France;92024.0
DOUCEURSRO;LES DOUCEURS DE ROISSY;LES DOUCEURS DE ROISSY;8, Rue Dorval;8 RUE DORVAL;95700;Roissy-en-France;ROISSY EN FRANCE;95, Val-d'Oise, Île-de-France;49.00394, 2.516899;49.00394, 2.516899;49.00394;2.516899;8, Rue Dorval;8 Rue Dorval 95700 Roissy-en-France;0.91;housenumber;ADRNIVX_0000000350623933;8;Rue Dorval;;95700.0;Roissy-en-France;95, Val-d'Oise, Île-de-France;95527.0
CHAILLOU;MAISON CHAILLOU;MAISON CHAILLOU;16, Rue Berthie Albrecht;16 RUE BERTHIE ALBRECHT;95210;Saint-Gratien;SAINT GRATIEN;95, Val-d'Oise, Île-de-France;48.968108, 2.284718;48.968108, 2.284718;48.968108;2.284718;16, Rue Berthie Albrecht;16 Rue Berthie Albrecht 95210 Saint-Gratien;0.93;housenumber;ADRNIVX_0000000350495694;16;Rue Berthie Albrecht;;95210.0;Saint-Gratien;95, Val-d'Oise, Île-de-France;95555.0
GAUTHIERFR;MAISON GAUTHIER;MAISON GAUTHIER;147, Chaussée Jules César;147 CHAUSSEE JULES CESAR;95250;Beauchamp;BEAUCHAMP;95, Val-d'Oise, Île-de-France;49.009451, 2.197083;49.009451, 2.197083;49.009451;2.197083;147, Chaussée Jules César;147 Chaussée Jules César 95250 Beauchamp;0.93;housenumber;ADRNIVX_0000000350531960;147;Chaussée Jules César;;95250.0;Beauchamp;95, Val-d'Oise, Île-de-France;95051.0
BOURGOGC;ATELIER DU PAIN;;96, Avenue du Général Leclerc;96 RUE DU GENERAL LECLERC;78220;Viroflay;VIROFLAY;78, Yvelines, Île-de-France;48.804089, 2.173019;48.804089, 2.173019;48.804089;2.173019;96, Avenue du Général Leclerc;96 Avenue du Général Leclerc 78220 Viroflay;0.78;housenumber;ADRNIVX_0000000269538504;96;Avenue du Général Leclerc;;78220.0;Viroflay;78, Yvelines, Île-de-France;78686.0
EZZAHRA;EZZAHRA;EZZAHRA;31, Rue du Pont de Créteil;31 RUE DU PONT DE CRETEIL;94100;Saint-Maur-des-Fossés;SAINT MAUR DES FOSSES;94, Val-de-Marne, Île-de-France;48.807471, 2.471372;48.807471, 2.471372;48.807471;2.471372;31, Rue du Pont de Créteil;31 Rue du Pont de Créteil 94100 Saint-Maur-des-Fossés;0.93;housenumber;ADRNIVX_0000000270922559;31;Rue du Pont de Créteil;;94100.0;Saint-Maur-des-Fossés;94, Val-de-Marne, Île-de-France;94068.0
PAINDORMAL;PAIN D OR;PAIN D OR;29, Boulevard Stalingrad;29 BOULEVARD DE STALINGRAD;92240;Malakoff;MALAKOFF;92, Hauts-de-Seine, Île-de-France;48.814569, 2.286854;48.814569, 2.286854;48.814569;2.286854;29, Boulevard Stalingrad;29 Boulevard Stalingrad 92240 Malakoff;0.86;housenumber;ADRNIVX_0000002100482936;29;Boulevard Stalingrad;;92240.0;Malakoff;92, Hauts-de-Seine, Île-de-France;92046.0
CHARPENI;BOULANGERIE DE LA MAIRIE;;36, Avenue de la République;36 AVENUE DE LA REPUBLIQUE;92130;Issy-les-Moulineaux;ISSY LES MOULINEAUX;92, Hauts-de-Seine, Île-de-France;48.824308, 2.272864;48.824308, 2.272864;48.824308;2.272864;36, Avenue de la République;36 Avenue de la République 92130 Issy-les-Moulineaux;0.93;housenumber;ADRNIVX_0000000287176180;36;Avenue de la République;;92130.0;Issy-les-Moulineaux;92, Hauts-de-Seine, Île-de-France;92040.0
SCHAEFER;SCHAEFER SERGE;SCHAEFER SERGE;20, Rue des Batignolles;20 BD DES BATIGNOLLES;75017;Paris;PARIS;75, Paris, Île-de-France;48.884622, 2.32154;48.884622, 2.32154;48.884622;2.32154;20, Rue des Batignolles;20 Rue des Batignolles 75017 Paris;0.77;housenumber;ADRNIVX_0000000270722994;20;Rue des Batignolles;;75017.0;Paris;75, Paris, Île-de-France;75117.0
OUIHI;LES 3 BAGUETTES;LES 3 BAGUETTES;Allée Jean Louis Barrault;44 ALLEE JEAN LOUIS BARRAULT;77100;Meaux;MEAUX;77, Seine-et-Marne, Île-de-France;48.952291, 2.912699;48.952291, 2.912699;48.952291;2.912699;Allée Jean Louis Barrault;Allée Jean Louis Barrault 77100 Meaux;0.86;street;77284_XXXX_daf95a;;Allée Jean Louis Barrault;;77100.0;Meaux;77, Seine-et-Marne, Île-de-France;77284.0
LEGENDRE;LEGENDRE TOLBIAC;LEGENDRE TOLBIAC;79, Rue de Tolbiac;79 RUE DE TOLBIAC;75013;Paris;PARIS;75, Paris, Île-de-France;48.827102, 2.367915;48.827102, 2.367915;48.827102;2.367915;79, Rue de Tolbiac;79 Rue de Tolbiac 75013 Paris;0.95;housenumber;ADRNIVX_0000000270821010;79;Rue de Tolbiac;;75013.0;Paris;75, Paris, Île-de-France;75113.0
NADAL;BOULANGERIE NADAL;BOULANGERIE NADAL;69, Avenue de la Princesse;69 AVENUE DE LA PRINCESSE;78110;Le Vésinet;LE VESINET;78, Yvelines, Île-de-France;48.883237, 2.131393;48.883237, 2.131393;48.883237;2.131393;69, Avenue de la Princesse;69 Avenue de la Princesse 78110 Le Vésinet;0.93;housenumber;ADRNIVX_0000000269473815;69;Avenue de la Princesse;;78110.0;Le Vésinet;78, Yvelines, Île-de-France;78650.0
LAZGHAB2;LE GRILLON;LE GRILLON;20, Rue du Poteau;20 RUE DU POTEAU;75018;Paris;PARIS;75, Paris, Île-de-France;48.893589, 2.342509;48.893589, 2.342509;48.893589;2.342509;20, Rue du Poteau;20 Rue du Poteau 75018 Paris;0.95;housenumber;ADRNIVX_0000000270709500;20;Rue du Poteau;;75018.0;Paris;75, Paris, Île-de-France;75118.0
SCHMITTJPH;PAINS ET GOURMANDISES;PAINS ET GOURMANDISES;107, Rue du Général Leclerc;107 RUE DU GENERAL LECLERC;94000;Créteil;CRETEIL;94, Val-de-Marne, Île-de-France;48.789476, 2.466386;48.789476, 2.466386;48.789476;2.466386;107, Rue du Général Leclerc;107 Rue du Général Leclerc 94000 Créteil;0.94;housenumber;ADRNIVX_0000000270972242;107;Rue du Général Leclerc;;94000.0;Créteil;94, Val-de-Marne, Île-de-France;94028.0
ARLETTECOL;ARLETTE ET COLETTE;ARLETTE ET COLETTE;4, Rue de la Jonquière;4 RUE DE LA JONQUIERE;75017;Paris;PARIS;75, Paris, Île-de-France;48.89322, 2.326955;48.89322, 2.326955;48.89322;2.326955;4, Rue de la Jonquière;4 Rue de la Jonquière 75017 Paris;0.95;housenumber;ADRNIVX_0000000270709640;4;Rue de la Jonquière;;75017.0;Paris;75, Paris, Île-de-France;75117.0
SIMOESPH;AUX DEUX ANGES;AUX DEUX ANGES;23, Rue Daval;23 RUE DAVAL;75011;Paris;PARIS;75, Paris, Île-de-France;48.854516, 2.371288;48.854516, 2.371288;48.854516;2.371288;23, Rue Daval;23 Rue Daval 75011 Paris;0.94;housenumber;ADRNIVX_0000000270778431;23;Rue Daval;;75011.0;Paris;75, Paris, Île-de-France;75111.0
HUREITALIE;MILLE ET UN PETITS PAINS (mpd);MILLE ET UN PETITS PAINS;10, Place d'Italie;10 PLACE D ITALIE;75013;Paris;PARIS;75, Paris, Île-de-France;48.831467, 2.354216;48.831467, 2.354216;48.831467;2.354216;10, Place d'Italie;10 Place d'Italie 75013 Paris;0.94;housenumber;ADRNIVX_0000000270815758;10;Place d'Italie;;75013.0;Paris;75, Paris, Île-de-France;75113.0
DEMACHYFEU;LE MOULIN DE FEUCHEROLLES;DEMACHY;48, Grande Rue;48 GRANDE RUE;78810;Feucherolles;FEUCHEROLLES;78, Yvelines, Île-de-France;48.873842, 1.973754;48.873842, 1.973754;48.873842;1.973754;48, Grande Rue;48 Grande Rue 78810 Feucherolles;0.91;housenumber;ADRNIVX_0000000269481044;48;Grande Rue;;78810.0;Feucherolles;78, Yvelines, Île-de-France;78233.0
VANHAUWE3;AUX PETITS DELICES;AUX PETITS DELICES;1, Rue Léon Pelouse;1 RUE LEON PELOUSE;95480;Pierrelaye;PIERRELAYE;95, Val-d'Oise, Île-de-France;49.023377, 2.154279;49.023377, 2.154279;49.023377;2.154279;1, Rue Léon Pelouse;1 Rue Léon Pelouse 95480 Pierrelaye;0.91;housenumber;ADRNIVX_0000000350566356;1;Rue Léon Pelouse;;95480.0;Pierrelaye;95, Val-d'Oise, Île-de-France;95488.0
THEET;BOULANGERIE JEAN ROGER;BOULANGERIE JEAN ROGER;63, Rue du Maréchal Foch;63 RUE DU MARECHAL FOCH;94360;Bry-sur-Marne;BRY SUR MARNE;94, Val-de-Marne, Île-de-France;48.842691, 2.516997;48.842691, 2.516997;48.842691;2.516997;63, Rue du Maréchal Foch;63 Rue du Maréchal Foch 94360 Bry-sur-Marne;0.93;housenumber;ADRNIVX_0000000270870042;63;Rue du Maréchal Foch;;94360.0;Bry-sur-Marne;94, Val-de-Marne, Île-de-France;94015.0
LEGENDREGU;LEGENDRE GUYANCOURT;LEGENDRE GUYANCOURT;7, Place Charlotte Perriand;7 PLACE CHARLOTTE PERRIAND;78280;Guyancourt;GUYANCOURT;78, Yvelines, Île-de-France;48.766278, 2.078343;48.766278, 2.078343;48.766278;2.078343;7, Place Charlotte Perriand;7 Place Charlotte Perriand 78280 Guyancourt;0.92;housenumber;ADRNIVX_0000002101891938;7;Place Charlotte Perriand;;78280.0;Guyancourt;78, Yvelines, Île-de-France;78297.0
VAUVILLIER;MAISON VAUVILLIER;MAISON VAUVILLIER;9, Rue de l'Aubette;9 RUE DE L AUBETTE;95450;Seraincourt;SERAINCOURT;95, Val-d'Oise, Île-de-France;49.034886, 1.867125;49.034886, 1.867125;49.034886;1.867125;9, Rue de l'Aubette;9 Rue de l'Aubette 95450 Seraincourt;0.91;housenumber;ADRNIVX_0000000350446763;9;Rue de l'Aubette;;95450.0;Seraincourt;95, Val-d'Oise, Île-de-France;95592.0
PAPOU;BOULANGERIE PAPOU;BOULANGERIE PAPOU;19, Rue de la Grosse Pierre;19 RUE DE LA GROSSE PIERRE;78540;Vernouillet;VERNOUILLET;78, Yvelines, Île-de-France;48.975627, 1.995383;48.975627, 1.995383;48.975627;1.995383;19, Rue de la Grosse Pierre;19 Rue de la Grosse Pierre 78540 Vernouillet;0.91;housenumber;ADRNIVX_0000000269363297;19;Rue de la Grosse Pierre;;78540.0;Vernouillet;78, Yvelines, Île-de-France;78643.0
HARAN2;LES DELICES DU LUXEMBOURG;HARAN;5, Rue Vavin;5 RUE VAVIN;75006;Paris;PARIS;75, Paris, Île-de-France;48.844525, 2.331871;48.844525, 2.331871;48.844525;2.331871;5, Rue Vavin;5 Rue Vavin 75006 Paris;0.94;housenumber;ADRNIVX_0000000270796417;5;Rue Vavin;;75006.0;Paris;75, Paris, Île-de-France;75106.0
STLAZARE;LES GOURMANDISES DE SAINT LAZARE;LES GOURMANDISES DE SAINT LAZARE;71, Rue Saint-Lazare;71 RUE SAINT LAZARE;75009;Paris;PARIS;75, Paris, Île-de-France;48.876697, 2.332451;48.876697, 2.332451;48.876697;2.332451;71, Rue Saint-Lazare;71 Rue Saint-Lazare 75009 Paris;0.95;housenumber;ADRNIVX_0000000270735848;71;Rue Saint-Lazare;;75009.0;Paris;75, Paris, Île-de-France;75109.0
GRANVAL;LA BOITE A CHOUX;LA BOITE A CHOUX;31, Rue Charles de Gaulle;31 AVENUE DU GENERAL DE GAULLE;91530;Saint-Chéron;SAINT CHERON;91, Essonne, Île-de-France;48.553374, 2.122944;48.553374, 2.122944;48.553374;2.122944;31, Rue Charles de Gaulle;31 Rue Charles de Gaulle 91530 Saint-Chéron;0.52;housenumber;ADRNIVX_0000000359041110;31;Rue Charles de Gaulle;;91530.0;Saint-Chéron;91, Essonne, Île-de-France;91540.0
DELESCLU;BDEC;;8, Avenue de la Gare;8 AVENUE DE LA GARE;95150;Taverny;TAVERNY;95, Val-d'Oise, Île-de-France;49.027047, 2.223259;49.027047, 2.223259;49.027047;2.223259;8, Avenue de la Gare;8 Avenue de la Gare 95150 Taverny;0.93;housenumber;ADRNIVX_0000000350587448;8;Avenue de la Gare;;95150.0;Taverny;95, Val-d'Oise, Île-de-France;95607.0
LEFLOHIC;LE FLOHIC;LE FLOHIC;14, Rue de l'Abbé Derry;14 RUE DE L ABBE DERRY;92130;Issy-les-Moulineaux;ISSY LES MOULINEAUX;92, Hauts-de-Seine, Île-de-France;48.822548, 2.279849;48.822548, 2.279849;48.822548;2.279849;14, Rue de l'Abbé Derry;14 Rue de l'Abbé Derry 92130 Issy-les-Moulineaux;0.93;housenumber;ADRNIVX_0000000311761968;14;Rue de l'Abbé Derry;;92130.0;Issy-les-Moulineaux;92, Hauts-de-Seine, Île-de-France;92040.0
TARBE;TARBE;TARBE;11, Avenue Denis Papin;11 AVENUE DENIS PAPIN;95400;Arnouville;ARNOUVILLE LES GONESSE;95, Val-d'Oise, Île-de-France;48.993799, 2.415207;48.993799, 2.415207;48.993799;2.415207;11, Avenue Denis Papin;11 Avenue Denis Papin 95400 Arnouville;0.69;housenumber;ADRNIVX_0000000350615420;11;Avenue Denis Papin;;95400.0;Arnouville;95, Val-d'Oise, Île-de-France;95019.0
LEFLOURGIF;BOULANGERIE LE FLOUR;BOULANGERIE LE FLOUR;26, Rue Henri Amodru;26 RUE HENRI AMODRU;91190;Gif-sur-Yvette;GIF SUR YVETTE;91, Essonne, Île-de-France;48.702163, 2.133557;48.702163, 2.133557;48.702163;2.133557;26, Rue Henri Amodru;26 Rue Henri Amodru 91190 Gif-sur-Yvette;0.93;housenumber;ADRNIVX_0000000271322340;26;Rue Henri Amodru;;91190.0;Gif-sur-Yvette;91, Essonne, Île-de-France;91272.0
ZAYERSTAIN;LES DELICES DE PARMENTIER;LES DELICES DE PARMENTIER;50, Rue Parmentier;50 RUE PARMENTIER;93240;Stains;STAINS;93, Seine-Saint-Denis, Île-de-France;48.968378, 2.374238;48.968378, 2.374238;48.968378;2.374238;50, Rue Parmentier;50 Rue Parmentier 93240 Stains;0.93;housenumber;ADRNIVX_0000000268117592;50;Rue Parmentier;;93240.0;Stains;93, Seine-Saint-Denis, Île-de-France;93072.0
MATHIEU;MATHIEU et  CO;MATHIEU et  CO;71, Rue d'Alesia;71 RUE D ALESIA;75014;Paris;PARIS;75, Paris, Île-de-France;48.82777, 2.329049;48.82777, 2.329049;48.82777;2.329049;71, Rue d'Alesia;71 Rue d'Alesia 75014 Paris;0.95;housenumber;ADRNIVX_0000000270820290;71;Rue d'Alesia;;75014.0;Paris;75, Paris, Île-de-France;75114.0
STJUSTIN;BOULANGERIE SAINT JUSTIN;BOULANGERIE SAINT JUSTIN;49, Rue Rivay;49 RUE RIVAY;92300;Levallois-Perret;LEVALLOIS PERRET;92, Hauts-de-Seine, Île-de-France;48.89431, 2.2894259999999997;48.89431, 2.289426;48.89431;2.289426;49, Rue Rivay;49 Rue Rivay 92300 Levallois-Perret;0.93;housenumber;ADRNIVX_0000000287115277;49;Rue Rivay;;92300.0;Levallois-Perret;92, Hauts-de-Seine, Île-de-France;92044.0
SAVEURS;LES SAVEURS DE WAGRAM;;169, Avenue de Wagram;169 AVENUE DE WAGRAM;75017;Paris;PARIS;75, Paris, Île-de-France;48.886655, 2.304165;48.886655, 2.304165;48.886655;2.304165;169, Avenue de Wagram;169 Avenue de Wagram 75017 Paris;0.95;housenumber;ADRNIVX_0000000270718038;169;Avenue de Wagram;;75017.0;Paris;75, Paris, Île-de-France;75117.0
SAAIDI;AU BLE D OR;AU BLE D OR;28, Rue de l'Ouest;28 RUE DE L OUEST;78200;Magnanville;MAGNANVILLE;78, Yvelines, Île-de-France;48.978655, 1.68822;48.978655, 1.68822;48.978655;1.68822;28, Rue de l'Ouest;28 Rue de l'Ouest 78200 Magnanville;0.91;housenumber;ADRNIVX_0000000269355244;28;Rue de l'Ouest;;78200.0;Magnanville;78, Yvelines, Île-de-France;78354.0
ALISSON;ALISSON;ALISSON;21, Rue du Général de Gaulle;21 RUE DU GENERAL DE GAULLE;95880;Enghien-les-Bains;ENGHIEN LES BAINS;95, Val-d'Oise, Île-de-France;48.971442, 2.308206;48.971442, 2.308206;48.971442;2.308206;21, Rue du Général de Gaulle;21 Rue du Général de Gaulle 95880 Enghien-les-Bains;0.93;housenumber;ADRNIVX_0000000350504765;21;Rue du Général de Gaulle;;95880.0;Enghien-les-Bains;95, Val-d'Oise, Île-de-France;95210.0
BOURGOGJ;MAISON BOURGOGNE;;22, Grand-Rue Rue;22 GRANDE RUE;78550;Houdan;HOUDAN;78, Yvelines, Île-de-France;48.790805, 1.600812;48.790805, 1.600812;48.790805;1.600812;22, Grand-Rue Rue;22 Grand-Rue Rue 78550 Houdan;0.77;housenumber;ADRNIVX_0000000269553170;22;Grand-Rue Rue;;78550.0;Houdan;78, Yvelines, Île-de-France;78310.0
BOUSARGHIN;AUX DELICES DE ROSNY;AUX DELICES DE ROSNY;17, Rue du Général Gallieni;17 RUE DU GENERAL GALLIENI;93110;Rosny-sous-Bois;ROSNY SOUS BOIS;93, Seine-Saint-Denis, Île-de-France;48.872948, 2.484371;48.872948, 2.484371;48.872948;2.484371;17, Rue du Général Gallieni;17 Rue du Général Gallieni 93110 Rosny-sous-Bois;0.93;housenumber;ADRNIVX_0000000268310755;17;Rue du Général Gallieni;;93110.0;Rosny-sous-Bois;93, Seine-Saint-Denis, Île-de-France;93064.0
LONARDO;BOULANGERIE NOLITA;BOULANGERIE NOLITA;10, Rue du Général Leclerc;10 RUE DU GENERAL LECLERC;78360;Montesson;MONTESSON;78, Yvelines, Île-de-France;48.907998, 2.150033;48.907998, 2.150033;48.907998;2.150033;10, Rue du Général Leclerc;10 Rue du Général Leclerc 78360 Montesson;0.92;housenumber;ADRNIVX_0000000269448488;10;Rue du Général Leclerc;;78360.0;Montesson;78, Yvelines, Île-de-France;78418.0
DELIARNOUV;LES DELICES D ARNOUVILLE;LES DELICES D ARNOUVILLE;34, Avenue de la République;32  34  AVENUE DE LA REPUBLIQUE;95400;Arnouville;ARNOUVILLE LES GONESSE;95, Val-d'Oise, Île-de-France;48.979633, 2.423266;48.979633, 2.423266;48.979633;2.423266;34, Avenue de la République;34 Avenue de la République 95400 Arnouville;0.68;housenumber;ADRNIVX_0000002010754867;34;Avenue de la République;;95400.0;Arnouville;95, Val-d'Oise, Île-de-France;95019.0
RENOUD;CHOUX CHOUX;CHOUX CHOUX;16, Avenue Joseph Froment;16 AVENUE JOSEPH FROMENT;92250;La Garenne-Colombes;LA GARENNE COLOMBES;92, Hauts-de-Seine, Île-de-France;48.912211, 2.256199;48.912211, 2.256199;48.912211;2.256199;16, Avenue Joseph Froment;16 Avenue Joseph Froment 92250 La Garenne-Colombes;0.93;housenumber;ADRNIVX_0000000287102788;16;Avenue Joseph Froment;;92250.0;La Garenne-Colombes;92, Hauts-de-Seine, Île-de-France;92035.0
FOURNILMUR;LE FOURNIL DES MUREAUX;LE FOURNIL DES MUREAUX;99, Avenue du Maréchal Foch;99 AVENUE DU MARECHAL FOCH;78130;Les Mureaux;LES MUREAUX;78, Yvelines, Île-de-France;48.992786, 1.9036520000000001;48.992786, 1.903652;48.992786;1.903652;99, Avenue du Maréchal Foch;99 Avenue du Maréchal Foch 78130 Les Mureaux;0.92;housenumber;ADRNIVX_0000000269334833;99;Avenue du Maréchal Foch;;78130.0;Les Mureaux;78, Yvelines, Île-de-France;78440.0
LAD;LAD;LAD;48, Boulevard Chilpéric;48 BD CHILPERIC;77500;Chelles;CHELLES;77, Seine-et-Marne, Île-de-France;48.87485, 2.584059;48.87485, 2.584059;48.87485;2.584059;48, Boulevard Chilpéric;48 Boulevard Chilpéric 77500 Chelles;0.7;housenumber;ADRNIVX_0000000271679789;48;Boulevard Chilpéric;;77500.0;Chelles;77, Seine-et-Marne, Île-de-France;77108.0
LAURENTB;BOULANGERIE LAURENT;BOULANGERIE LAURENT;59, Boulevard de Vaugirard;59 BOULEVARD VAUGIRARD;75015;Paris;PARIS;75, Paris, Île-de-France;48.84064, 2.316289;48.84064, 2.316289;48.84064;2.316289;59, Boulevard de Vaugirard;59 Boulevard de Vaugirard 75015 Paris;0.87;housenumber;ADRNIVX_0000000270803237;59;Boulevard de Vaugirard;;75015.0;Paris;75, Paris, Île-de-France;75115.0
LEAGILLES;BOULANGERIE LEA ET GILLES;BOULANGERIE LEA ET GILLES;155, Rue d'Alesia;155 RUE D ALESIA;75014;Paris;PARIS;75, Paris, Île-de-France;48.830348, 2.319425;48.830348, 2.319425;48.830348;2.319425;155, Rue d'Alesia;155 Rue d'Alesia 75014 Paris;0.95;housenumber;ADRNIVX_0000000270817036;155;Rue d'Alesia;;75014.0;Paris;75, Paris, Île-de-France;75114.0
FABRIQUE;LA FABRIQUE A PAIN;LA FABRIQUE A PAIN;2, Boulevard Clemenceau;2 BLD CLEMENCEAU;95240;Cormeilles-en-Parisis;CORMEILLES EN PARISIS;95, Val-d'Oise, Île-de-France;48.9699, 2.194429;48.9699, 2.194429;48.9699;2.194429;2, Boulevard Clemenceau;2 Boulevard Clemenceau 95240 Cormeilles-en-Parisis;0.75;housenumber;ADRNIVX_0000000350463338;2;Boulevard Clemenceau;;95240.0;Cormeilles-en-Parisis;95, Val-d'Oise, Île-de-France;95176.0
BUISSON91;CHEZ CELINE ET FRANCK;BUISSON FRANCK;1, Place Charles de Gaulle;1 PLACE DU GENEREAL DE GAULLE;91790;Boissy-sous-Saint-Yon;BOISSY SOUS SAINT YON;91, Essonne, Île-de-France;48.558746, 2.209312;48.558746, 2.209312;48.558746;2.209312;1, Place Charles de Gaulle;1 Place Charles de Gaulle 91790 Boissy-sous-Saint-Yon;0.63;housenumber;ADRNIVX_0000000271535189;1;Place Charles de Gaulle;;91790.0;Boissy-sous-Saint-Yon;91, Essonne, Île-de-France;91085.0
MANSOURI;LES CINQ REINES;LES CINQ REINES;4, Rue du Général Leclerc;4 AVENUE DU GENERAL LECLEC;94220;Charenton-le-Pont;CHARENTON LE PONT;94, Val-de-Marne, Île-de-France;48.822423, 2.414372;48.822423, 2.414372;48.822423;2.414372;4, Rue du Général Leclerc;4 Rue du Général Leclerc 94220 Charenton-le-Pont;0.75;housenumber;ADRNIVX_0000000270888878;4;Rue du Général Leclerc;;94220.0;Charenton-le-Pont;94, Val-de-Marne, Île-de-France;94018.0
MENIER;MENIER TRADITION;MENIER TRADITION;30, Boulevard Diderot;30 BOULEVARD DIDEROT;75012;Paris;PARIS;75, Paris, Île-de-France;48.846006, 2.376379;48.846006, 2.376379;48.846006;2.376379;30, Boulevard Diderot;30 Boulevard Diderot 75012 Paris;0.95;housenumber;ADRNIVX_0000000270794787;30;Boulevard Diderot;;75012.0;Paris;75, Paris, Île-de-France;75112.0
NGUYENPARI;LA GOURMANDINE;L AMI DU PAIN;221, Rue de Tolbiac;221 RUE DE TOLBIAC;75013;Paris;PARIS;75, Paris, Île-de-France;48.825724, 2.345948;48.825724, 2.345948;48.825724;2.345948;221, Rue de Tolbiac;221 Rue de Tolbiac 75013 Paris;0.95;housenumber;ADRNIVX_0000000270822081;221;Rue de Tolbiac;;75013.0;Paris;75, Paris, Île-de-France;75113.0
THOMASBOU;LA GOURMANDISE;LA GOURMANDISE;4, Rue Charpentier;4 RUE CHARPENTIER;92340;Bourg-la-Reine;BOURG LA REINE;92, Hauts-de-Seine, Île-de-France;48.776946, 2.323504;48.776946, 2.323504;48.776946;2.323504;4, Rue Charpentier;4 Rue Charpentier 92340 Bourg-la-Reine;0.92;housenumber;ADRNIVX_0000000287218950;4;Rue Charpentier;;92340.0;Bourg-la-Reine;92, Hauts-de-Seine, Île-de-France;92014.0
CARONS;LJ 12 3 2018 - MAISON CARON S;MAISON CARON S;1, Rue Léon Pelouse;1 RUE LEON PELOUSE;95480;Pierrelaye;PIERRELAYE;95, Val-d'Oise, Île-de-France;49.023377, 2.154279;49.023377, 2.154279;49.023377;2.154279;1, Rue Léon Pelouse;1 Rue Léon Pelouse 95480 Pierrelaye;0.91;housenumber;ADRNIVX_0000000350566356;1;Rue Léon Pelouse;;95480.0;Pierrelaye;95, Val-d'Oise, Île-de-France;95488.0
ROBINJEREM;CHLOE ET MATHIS;CHLOE ET MATHIS;57, Rue du Maréchal Foch;57 RUE DU MARECHAL FOCH;78250;Meulan-en-Yvelines;MEULAN;78, Yvelines, Île-de-France;49.005379, 1.907676;49.005379, 1.907676;49.005379;1.907676;57, Rue du Maréchal Foch;57 Rue du Maréchal Foch 78250 Meulan-en-Yvelines;0.74;housenumber;ADRNIVX_0000000269311224;57;Rue du Maréchal Foch;;78250.0;Meulan-en-Yvelines;78, Yvelines, Île-de-France;78401.0
SAVEURSDEM;LES SAVEURS DE PIERRE DEMOURS;LES SAVEURS DE PIERRE DEMOURS;13, Rue Pierre Demours;13 RUE PIERRE DEMOURS;75017;Paris;PARIS;75, Paris, Île-de-France;48.880505, 2.292836;48.880505, 2.292836;48.880505;2.292836;13, Rue Pierre Demours;13 Rue Pierre Demours 75017 Paris;0.95;housenumber;ADRNIVX_0000000270729718;13;Rue Pierre Demours;;75017.0;Paris;75, Paris, Île-de-France;75117.0
MESNILST;LE CASTEL BLANGEOIS;;162, Avenue Ledru-Rollin;162 AVENUE LEDRU ROLLIN;75011;Paris;PARIS;75, Paris, Île-de-France;48.856276, 2.379198;48.856276, 2.379198;48.856276;2.379198;162, Avenue Ledru-Rollin;162 Avenue Ledru-Rollin 75011 Paris;0.95;housenumber;ADRNIVX_0000000270774830;162;Avenue Ledru-Rollin;;75011.0;Paris;75, Paris, Île-de-France;75111.0
KERCHAOUI;LA MAISON KERCK;LA MAISON KERCK;76, Rue Saint-Maur;76 RUE SAINT MAUR;75011;Paris;PARIS;75, Paris, Île-de-France;48.864064, 2.3785600000000002;48.864064, 2.37856;48.864064;2.37856;76, Rue Saint-Maur;76 Rue Saint-Maur 75011 Paris;0.95;housenumber;ADRNIVX_0000000270761344;76;Rue Saint-Maur;;75011.0;Paris;75, Paris, Île-de-France;75111.0
LEPOT;LEPOT JEAN-CHRISTOPHE;;23, Rue Daval;23 RUE DAVAL;75011;Paris;PARIS;75, Paris, Île-de-France;48.854516, 2.371288;48.854516, 2.371288;48.854516;2.371288;23, Rue Daval;23 Rue Daval 75011 Paris;0.94;housenumber;ADRNIVX_0000000270778431;23;Rue Daval;;75011.0;Paris;75, Paris, Île-de-France;75111.0
LEROYJACQ;AU DELICE BRIARD;AU DELICE BRIARD;Rue de la Pêcherie;14 16 RUE DE LA PECHERIE;77120;Coulommiers;COULOMMIERS;77, Seine-et-Marne, Île-de-France;48.812471, 3.083324;48.812471, 3.083324;48.812471;3.083324;Rue de la Pêcherie;Rue de la Pêcherie 77120 Coulommiers;0.79;street;77131_0730_4c1539;;Rue de la Pêcherie;;77120.0;Coulommiers;77, Seine-et-Marne, Île-de-France;77131.0
SHAIMI;MAISON SHAIMI;MAISON SHAIMI;11, Rue Auguste Blanche;11 RUE AUGUSTE BLANCHE;92800;Puteaux;PUTEAUX;92, Hauts-de-Seine, Île-de-France;48.879284, 2.240352;48.879284, 2.240352;48.879284;2.240352;11, Rue Auguste Blanche;11 Rue Auguste Blanche 92800 Puteaux;0.93;housenumber;ADRNIVX_0000000287132486;11;Rue Auguste Blanche;;92800.0;Puteaux;92, Hauts-de-Seine, Île-de-France;92062.0
BOULALFORT;BOULANGERIE DE LA GARE;BOULANGERIE DE LA GARE;4, Place de la Gare;2-4 PLACE DE LA GARE;94140;Alfortville;ALFORTVILLE;94, Val-de-Marne, Île-de-France;48.801686, 2.426148;48.801686, 2.426148;48.801686;2.426148;4, Place de la Gare;4 Place de la Gare 94140 Alfortville;0.87;housenumber;ADRNIVX_0000000358882086;4;Place de la Gare;;94140.0;Alfortville;94, Val-de-Marne, Île-de-France;94002.0
TIBLE2;LES DELICES DE LA VILLETTE;BOULANGERIE DE LA VILLETTE;224, Boulevard de la Villette;224 BD DE LA VILLETTE;75019;Paris;PARIS;75, Paris, Île-de-France;48.884436, 2.366764;48.884436, 2.366764;48.884436;2.366764;224, Boulevard de la Villette;224 Boulevard de la Villette 75019 Paris;0.75;housenumber;ADRNIVX_0000000270722580;224;Boulevard de la Villette;;75019.0;Paris;75, Paris, Île-de-France;75119.0
EVA;EVA;EVA;3, Place du 25 Août 1944;03 PLACE DU 25 AOUT 1944;75014;Paris;PARIS;75, Paris, Île-de-France;48.822478, 2.325846;48.822478, 2.325846;48.822478;2.325846;3, Place du 25 Août 1944;3 Place du 25 Août 1944 75014 Paris;0.91;housenumber;ADRNIVX_0000000270825370;3;Place du 25 Août 1944;;75014.0;Paris;75, Paris, Île-de-France;75114.0
GENDRON;CHEZ MADELEINE;CHEZ MADELEINE;12, Avenue d'Argenteuil;12 AVENUE D ARGENTEUIL;92600;Asnières-sur-Seine;ASNIERES SUR SEINE;92, Hauts-de-Seine, Île-de-France;48.910373, 2.286009;48.910373, 2.286009;48.910373;2.286009;12, Avenue d'Argenteuil;12 Avenue d'Argenteuil 92600 Asnières-sur-Seine;0.93;housenumber;ADRNIVX_0000000287098777;12;Avenue d'Argenteuil;;92600.0;Asnières-sur-Seine;92, Hauts-de-Seine, Île-de-France;92004.0
LORILLARD2;LA BOULANGERIE DE JEANNE;LA BOULANGERIE DE JEANNE;109, Avenue Ledru-Rollin;109 RUE LEDRU ROLLIN;75011;Paris;PARIS;75, Paris, Île-de-France;48.852819, 2.376844;48.852819, 2.376844;48.852819;2.376844;109, Avenue Ledru-Rollin;109 Avenue Ledru-Rollin 75011 Paris;0.77;housenumber;ADRNIVX_0000000270781999;109;Avenue Ledru-Rollin;;75011.0;Paris;75, Paris, Île-de-France;75111.0
LACHHAB2;L ATELIER D AULNAY;L ATELIER D AULNAY;12 Bis, Route de Bondy;12 BIS RUE DE BONDY;93600;Aulnay-sous-Bois;AULNAY SOUS BOIS;93, Seine-Saint-Denis, Île-de-France;48.931007, 2.493556;48.931007, 2.493556;48.931007;2.493556;12 BIS, Route de Bondy;12 BIS Route de Bondy 93600 Aulnay-sous-Bois;0.81;housenumber;ADRNIVX_0000000268184898;12 BIS;Route de Bondy;;93600.0;Aulnay-sous-Bois;93, Seine-Saint-Denis, Île-de-France;93005.0
GIRAUDJM;BOULANGERIE GIRAUD;BOULANGERIE GIRAUD;34, Avenue Marcel Hirbec;34 AVENUE MARCEL HIRBEC;78390;Bois-d'Arcy;BOIS D ARCY;78, Yvelines, Île-de-France;48.803099, 2.040551;48.803099, 2.040551;48.803099;2.040551;34, Avenue Marcel Hirbec;34 Avenue Marcel Hirbec 78390 Bois-d'Arcy;0.92;housenumber;ADRNIVX_0000000269539972;34;Avenue Marcel Hirbec;;78390.0;Bois-d'Arcy;78, Yvelines, Île-de-France;78073.0
PAGES;BOULANGERIE PAGES;BOULANGERIE PAGES;4, Rue de Provins;4 RUE DE PROVINS;77560;Villiers-Saint-Georges;VILLIERS SAINT GEORGES;77, Seine-et-Marne, Île-de-France;48.650047, 3.406042;48.650047, 3.406042;48.650047;3.406042;4, Rue de Provins;4 Rue de Provins 77560 Villiers-Saint-Georges;0.92;housenumber;ADRNIVX_0000002100854052;4;Rue de Provins;;77560.0;Villiers-Saint-Georges;77, Seine-et-Marne, Île-de-France;77519.0
BABIN;BABIN EDWIGE ET DAVID;;2 Bis, Avenue du Général Leclerc;2 BIS AVENUE DU GENERAL LECLERC;95230;Soisy-sous-Montmorency;SOISY-SOUS-MONTMORENCY;95, Val-d'Oise, Île-de-France;48.977631, 2.306668;48.977631, 2.306668;48.977631;2.306668;2 BIS, Avenue du Général Leclerc;2 BIS Avenue du Général Leclerc 95230 Soisy-sous-Montmorency;0.93;housenumber;ADRNIVX_0000000350508704;2 BIS;Avenue du Général Leclerc;;95230.0;Soisy-sous-Montmorency;95, Val-d'Oise, Île-de-France;95598.0
GOMESALEX;LA MAISON GOURMANDE;LA MAISON GOURMANDE;1, Rue Léon Pelouse;1 RUE LEON PELOUSE;95480;Pierrelaye;PIERRELAYE;95, Val-d'Oise, Île-de-France;49.023377, 2.154279;49.023377, 2.154279;49.023377;2.154279;1, Rue Léon Pelouse;1 Rue Léon Pelouse 95480 Pierrelaye;0.91;housenumber;ADRNIVX_0000000350566356;1;Rue Léon Pelouse;;95480.0;Pierrelaye;95, Val-d'Oise, Île-de-France;95488.0
KAS;BOULANGERIE SAINT HONORE;BOULANGERIE SAINT HONORE;11 Ter, Rue Jean Philippe Rameau;11 TER RUE JEAN PHILIPPE RAMEAU;93200;Saint-Denis;SAINT DENIS;93, Seine-Saint-Denis, Île-de-France;48.920967, 2.354526;48.920967, 2.354526;48.920967;2.354526;11 TER, Rue Jean Philippe Rameau;11 TER Rue Jean Philippe Rameau 93200 Saint-Denis;0.93;housenumber;ADRNIVX_0000002003758057;11 TER;Rue Jean Philippe Rameau;;93200.0;Saint-Denis;93, Seine-Saint-Denis, Île-de-France;93066.0
CONAN;AUX PECHES NORMANDS;;9, Rue du Faubourg du Temple;9 RUE DU FAUBOURG DU TEMPLE;75010;Paris;PARIS;75, Paris, Île-de-France;48.868248, 2.365484;48.868248, 2.365484;48.868248;2.365484;9, Rue du Faubourg du Temple;9 Rue du Faubourg du Temple 75010 Paris;0.95;housenumber;ADRNIVX_0000000270752744;9;Rue du Faubourg du Temple;;75010.0;Paris;75, Paris, Île-de-France;75110.0
DELICESGUY;LES DELICES ET DU PAIN;DES DELICES ET DU PAIN;6, Square Camille Pissarro;4 6  SQUARE CAMILLE PISSARO;78280;Guyancourt;GUYANCOURT;78, Yvelines, Île-de-France;48.783638, 2.055395;48.783638, 2.055395;48.783638;2.055395;6, Square Camille Pissarro;6 Square Camille Pissarro 78280 Guyancourt;0.85;housenumber;ADRNIVX_0000000269560271;6;Square Camille Pissarro;;78280.0;Guyancourt;78, Yvelines, Île-de-France;78297.0
CHOPINPOI;LES DOUCEURS DE LEA;LES DOUCEURS DE LEA;80, Boulevard Maximilien Robespierre;80 BLD ROBESPIERRE;78300;Poissy;POISSY;78, Yvelines, Île-de-France;48.933952, 2.054062;48.933952, 2.054062;48.933952;2.054062;80, Boulevard Maximilien Robespierre;80 Boulevard Maximilien Robespierre 78300 Poissy;0.54;housenumber;ADRNIVX_0000002101135523;80;Boulevard Maximilien Robespierre;;78300.0;Poissy;78, Yvelines, Île-de-France;78498.0
JAREFLEVAL;MS ONE LEVALLOIS SAS;MS ONE LEVALLOIS;143, Rue Aristide Briand;143 RUE ARISTIDE BRIAND;92300;Levallois-Perret;LEVALLOIS PERRET;92, Hauts-de-Seine, Île-de-France;48.896459, 2.297632;48.896459, 2.297632;48.896459;2.297632;143, Rue Aristide Briand;143 Rue Aristide Briand 92300 Levallois-Perret;0.93;housenumber;ADRNIVX_0000002006705893;143;Rue Aristide Briand;;92300.0;Levallois-Perret;92, Hauts-de-Seine, Île-de-France;92044.0
NGUYEN;NGUYEN FAMILY;NGUYEN FAMILY;60, Avenue François Mitterrand;60 AVE FRANCOIS MITTERAND;77144;Montévrain;MONTEVRAIN;77, Seine-et-Marne, Île-de-France;48.866908, 2.760159;48.866908, 2.760159;48.866908;2.760159;60, Avenue François Mitterrand;60 Avenue François Mitterrand 77144 Montévrain;0.83;housenumber;ADRNIVX_0000000332112371;60;Avenue François Mitterrand;;77144.0;Montévrain;77, Seine-et-Marne, Île-de-France;77307.0
MORIEUX;BOULANGERIE MORIEUX;BOULANGERIE MORIEUX;35, Rue d'Aguesseau;35 RUE AGUESSEAU;92100;Boulogne-Billancourt;BOULOGNE BILLANCOURT;92, Hauts-de-Seine, Île-de-France;48.843455, 2.236635;48.843455, 2.236635;48.843455;2.236635;35, Rue d'Aguesseau;35 Rue d'Aguesseau 92100 Boulogne-Billancourt;0.9;housenumber;ADRNIVX_0000000287156804;35;Rue d'Aguesseau;;92100.0;Boulogne-Billancourt;92, Hauts-de-Seine, Île-de-France;92012.0
MATFLORE;MAT FLORE;MAT FLORE;56, Rue d'Auteuil;56 RUE D AUTEUIL;75016;Paris;PARIS;75, Paris, Île-de-France;48.848037, 2.262325;48.848037, 2.262325;48.848037;2.262325;56, Rue d'Auteuil;56 Rue d'Auteuil 75016 Paris;0.95;housenumber;ADRNIVX_0000000270790520;56;Rue d'Auteuil;;75016.0;Paris;75, Paris, Île-de-France;75116.0
PETITVINCE;BOULANGERIE PETIT LAVAL;BOULANGERIE PETIT;6, Rue Clément Vienot;2 4 6  RUE CLEMENT VIENOT;94300;Vincennes;VINCENNES;94, Val-de-Marne, Île-de-France;48.847595, 2.451119;48.847595, 2.451119;48.847595;2.451119;6, Rue Clément Vienot;6 Rue Clément Vienot 94300 Vincennes;0.83;housenumber;ADRNIVX_0000000270863882;6;Rue Clément Vienot;;94300.0;Vincennes;94, Val-de-Marne, Île-de-France;94080.0
HAUMESSER;LA PTITE BASQUIE;LA PTITE BASQUIE;41, Rue des Bourguignons;41 RUE DES BOURGUIGNON;92270;Bois-Colombes;BOIS COLOMBES;92, Hauts-de-Seine, Île-de-France;48.913954, 2.273681;48.913954, 2.273681;48.913954;2.273681;41, Rue des Bourguignons;41 Rue des Bourguignons 92270 Bois-Colombes;0.86;housenumber;ADRNIVX_0000000287088848;41;Rue des Bourguignons;;92270.0;Bois-Colombes;92, Hauts-de-Seine, Île-de-France;92009.0
GUICHARD;LPG91;LPG91;2, Rue Valentin Conrard;2 RUE VALENTIN CONRART;91200;Athis-Mons;ATHIS MONS;91, Essonne, Île-de-France;48.708097, 2.388388;48.708097, 2.388388;48.708097;2.388388;2, Rue Valentin Conrard;2 Rue Valentin Conrard 91200 Athis-Mons;0.83;housenumber;ADRNIVX_0000000271307436;2;Rue Valentin Conrard;;91200.0;Athis-Mons;91, Essonne, Île-de-France;91027.0
SCHOU;ADG;;96, Rue de la Faisanderie;96 RUE DE LA FAISANDERIE;75016;Paris;PARIS;75, Paris, Île-de-France;48.866283, 2.274129;48.866283, 2.274129;48.866283;2.274129;96, Rue de la Faisanderie;96 Rue de la Faisanderie 75016 Paris;0.95;housenumber;ADRNIVX_0000000270756367;96;Rue de la Faisanderie;;75016.0;Paris;75, Paris, Île-de-France;75116.0
DUBOISA;LE COEUR GOURMAND;LE COEUR GOURMAND;35, Rue de Paris;35 RUE DE PARIS;95270;Viarmes;VIARMES;95, Val-d'Oise, Île-de-France;49.126904, 2.370109;49.126904, 2.370109;49.126904;2.370109;35, Rue de Paris;35 Rue de Paris 95270 Viarmes;0.93;housenumber;ADRNIVX_0000000350711930;35;Rue de Paris;;95270.0;Viarmes;95, Val-d'Oise, Île-de-France;95652.0
RACOILLET;AU COEUR DE MA PASSION;AU COEUR DE MA PASSION;50 Bis, Rue de Douai;50 BIS RUE DE DOUAI;75009;Paris;PARIS;75, Paris, Île-de-France;48.88323, 2.3308780000000002;48.88323, 2.330878;48.88323;2.330878;50 BIS, Rue de Douai;50 BIS Rue de Douai 75009 Paris;0.95;housenumber;ADRNIVX_0000000270724550;50 BIS;Rue de Douai;;75009.0;Paris;75, Paris, Île-de-France;75109.0
TEJY;TEJY;TEJY;10, Rue de Colombes;10 RUE DE COLOMBES;92400;Courbevoie;COURBEVOIE;92, Hauts-de-Seine, Île-de-France;48.89736, 2.256616;48.89736, 2.256616;48.89736;2.256616;10, Rue de Colombes;10 Rue de Colombes 92400 Courbevoie;0.93;housenumber;ADRNIVX_0000000287117088;10;Rue de Colombes;;92400.0;Courbevoie;92, Hauts-de-Seine, Île-de-France;92026.0
HAKIM;HAKIM FRERES;HAKIM FRERES;60, Rue de la Coutellerie;60 RUE DE LA COUTELLERIE;95300;Pontoise;PONTOISE;95, Val-d'Oise, Île-de-France;49.049881, 2.092314;49.049881, 2.092314;49.049881;2.092314;60, Rue de la Coutellerie;60 Rue de la Coutellerie 95300 Pontoise;0.94;housenumber;ADRNIVX_0000000350571421;60;Rue de la Coutellerie;;95300.0;Pontoise;95, Val-d'Oise, Île-de-France;95500.0
MOUSSETT;TANGO;TANGO;2, Avenue de Verdun;2 AVENUE DE VERDUN;95150;Taverny;TAVERNY;95, Val-d'Oise, Île-de-France;49.016324, 2.209137;49.016324, 2.209137;49.016324;2.209137;2, Avenue de Verdun;2 Avenue de Verdun 95150 Taverny;0.92;housenumber;ADRNIVX_0000000350591033;2;Avenue de Verdun;;95150.0;Taverny;95, Val-d'Oise, Île-de-France;95607.0
BONOIT;AU PALAIS BONOIT;AU PALAIS BONOIT;92, Boulevard Édouard Vaillant;92 BOULEVARD EDOUARD VAILLANT;93300;Aubervilliers;AUBERVILLIERS;93, Seine-Saint-Denis, Île-de-France;48.918214, 2.400371;48.918214, 2.400371;48.918214;2.400371;92, Boulevard Édouard Vaillant;92 Boulevard Édouard Vaillant 93300 Aubervilliers;0.93;housenumber;ADRNIVX_0000000268216593;92;Boulevard Édouard Vaillant;;93300.0;Aubervilliers;93, Seine-Saint-Denis, Île-de-France;93001.0
AUPEREPET;CHEVRIEUX AU PERE PETRIN;CHEVRIEUX AU PERE PETRIN;4 Bis, Boulevard Devaux;4B BOULEVARD DEVAUX;78300;Poissy;POISSY;78, Yvelines, Île-de-France;48.929366, 2.043903;48.929366, 2.043903;48.929366;2.043903;4 BIS, Boulevard Devaux;4 BIS Boulevard Devaux 78300 Poissy;0.84;housenumber;ADRNIVX_0000000358848158;4 BIS;Boulevard Devaux;;78300.0;Poissy;78, Yvelines, Île-de-France;78498.0
TOURARGENT;LES COMPTOIRS DE LA TOUR;TOUR D ARGENT;15, Quai de la Tournelle;15 QUAI DE LA TOURNELLE;75005;Paris;PARIS;75, Paris, Île-de-France;48.8499, 2.355089;48.8499, 2.355089;48.8499;2.355089;15, Quai de la Tournelle;15 Quai de la Tournelle 75005 Paris;0.94;housenumber;ADRNIVX_0000000270787451;15;Quai de la Tournelle;;75005.0;Paris;75, Paris, Île-de-France;75105.0
PITORSON;TOP SUCRE;TOP SUCRE;38, Avenue Franklin Roosevelt;38 AVENUE FRANKLIN ROOSEVELT;94300;Vincennes;VINCENNES;94, Val-de-Marne, Île-de-France;48.843888, 2.431561;48.843888, 2.431561;48.843888;2.431561;38, Avenue Franklin Roosevelt;38 Avenue Franklin Roosevelt 94300 Vincennes;0.93;housenumber;ADRNIVX_0000000270868902;38;Avenue Franklin Roosevelt;;94300.0;Vincennes;94, Val-de-Marne, Île-de-France;94080.0
AUXMILLE;AUX MILLE DOUCEURS;AUX MILLE DOUCEURS;17, Boulevard de Verdun;17 BLD DE VERDUN;94120;Fontenay-sous-Bois;FONTENAY SOUS BOIS;94, Val-de-Marne, Île-de-France;48.851727, 2.47312;48.851727, 2.47312;48.851727;2.47312;17, Boulevard de Verdun;17 Boulevard de Verdun 94120 Fontenay-sous-Bois;0.74;housenumber;ADRNIVX_0000000270857951;17;Boulevard de Verdun;;94120.0;Fontenay-sous-Bois;94, Val-de-Marne, Île-de-France;94033.0
BARBEY;BARBEY;;3, Rue Louis Jacques Mezard;3 RUE LOUIS MEZARD;91600;Savigny-sur-Orge;SAVIGNY SUR ORGE;91, Essonne, Île-de-France;48.676288, 2.353119;48.676288, 2.353119;48.676288;2.353119;3, Rue Louis Jacques Mezard;3 Rue Louis Jacques Mezard 91600 Savigny-sur-Orge;0.77;housenumber;ADRNIVX_0000000271396928;3;Rue Louis Jacques Mezard;;91600.0;Savigny-sur-Orge;91, Essonne, Île-de-France;91589.0
